{
  "states": [
    {
      "name": "Andaman and Nicobar Islands",
      "cities": [
        "Bakultala",
        "Bambooflat",
        "Car Nicobar",
        "Garacharma",
        "Port Blair",
        "Prothrapur"
      ]
    },
    {
      "name": "Andhra Pradesh",
      "cities": [
        "Amaravati",
        "Anantapur",
        "Chittoor",
        "Eluru",
        "Guntur",
        "Kakinada",
        "Kurnool",
        "Nellore",
        "Ongole",
        "Rajahmundry",
        "Srikakulam",
        "Tirupati",
        "Vijayawada",
        "Visakhapatnam",
        "Vizianagaram"
      ]
    },
    {
      "name": "Arunachal Pradesh",
      "cities": [
        "Adipasi",
        "Alubari",
        "Anupam",
        "Ayeng",
        "Balek",
        "Balijan",
        "Banderdewa",
        "Bhalukpong",
        "Bilat",
        "Borduria",
        "Bomdila",
        "Chakma",
        "Changliang",
        "Chimpu",
        "Chowkham",
        "Dadar",
        "Dambuk",
        "Daporijo",
        "Deomali",
        "Doimukh",
        "Godak",
        "Gohaingaon",
        "Hija",
        "Hunli",
        "Innao",
        "Itanagar",
        "Jaipur",
        "Joram",
        "Kamlang Nagar",
        "Kherem",
        "Kimin",
        "Koloriang",
        "Kumari Kachari",
        "Kumsai",
        "Lada",
        "Lathao",
        "Ledum",
        "Lohitpur",
        "Longding",
        "Mebo",
        "Mechuka",
        "Meka",
        "Miglung",
        "Midpu",
        "Mukto",
        "Naharlagun",
        "Namsai",
        "Nirjuli",
        "Nyapin",
        "Oyan",
        "Paglam",
        "Palin",
        "Pasighat",
        "Pipu-dipu",
        "Podumani",
        "Rani",
        "Renga Nadi",
        "Ruksin",
        "Roing",
        "Sangram",
        "Sille",
        "Silluk",
        "Sirempong",
        "Tawang",
        "Tali",
        "Tezu",
        "Thingbu",
        "Tirap",
        "Ziro"
      ]
    },
    {
      "name": "Assam",
      "cities": [
        "Amguri",
        "Barpeta",
        "Bongaigaon",
        "Dibrugarh",
        "Diphu",
        "Guwahati",
        "Haflong",
        "Jorhat",
        "Karimganj",
        "Lakhimpur",
        "Nagaon",
        "Sivasagar",
        "Silchar",
        "Tezpur",
        "Tinsukia"
      ]
    },
    {
      "name": "Bihar",
      "cities": [
        "Ara",
        "Begusarai",
        "Bhagalpur",
        "Buxar",
        "Darbhanga",
        "Gaya",
        "Hajipur",
        "Madhubani",
        "Munger",
        "Muzaffarpur",
        "Nalanda",
        "Nawada",
        "Patna",
        "Purnia",
        "Sasaram",
        "Siwan",
        "Saharsa",
        "Sitamarhi",
        "Samastipur",
        "Vaishali"
      ]
    },
    {
      "name": "Chhattisgarh",
      "cities": [
        "Ambikapur",
        "Baloda Bazar",
        "Bemetara",
        "Bhilai",
        "Bijapur",
        "Bilaspur",
        "Dhamtari",
        "Durg",
        "Jagdalpur",
        "Janjgir-Champa",
        "Kanker",
        "Kawardha (Kabirdham)",
        "Korba",
        "Mahasamund",
        "Mungeli",
        "Narayanpur",
        "Raigarh",
        "Raipur",
        "Rajnandgaon",
        "Sukma"
      ]
    },
    {
      "name": "Goa",
      "cities": [
        "Bicholim",
        "Canacona",
        "Cuncolim",
        "Curchorem",
        "Mapusa",
        "Margao",
        "Panaji",
        "Pernem",
        "Ponda",
        "Quepem",
        "Sanquelim",
        "Sanguem",
        "Valpoi",
        "Vasco da Gama"
      ]
    },
    {
      "name": "Gujarat",
      "cities": [
        "Anand",
        "Amreli",
        "Bhavnagar",
        "Bhuj",
        "Botad",
        "Bharuch",
        "Deesa",
        "Gandhidham",
        "Gandhinagar",
        "Godhra",
        "Gondal",
        "Jetpur",
        "Jamnagar",
        "Junagadh",
        "Kalol",
        "Mehsana",
        "Morbi",
        "Nadiad",
        "Navsari",
        "Palanpur",
        "Patan",
        "Porbandar",
        "Rajkot",
        "Surat",
        "Surendranagar",
        "Valsad",
        "Vapi",
        "Vadodara",
        "Veraval"
      ]
    },
    {
      "name": "Haryana",
      "cities": [
        "Ambala",
        "Bhiwani",
        "Charkhi Dadri",
        "Faridabad",
        "Fatehabad",
        "Gurugram",
        "Hisar",
        "Jhajjar",
        "Jind",
        "Kaithal",
        "Karnal",
        "Kurukshetra",
        "Mahendragarh",
        "Narnaul",
        "Palwal",
        "Panchkula",
        "Panipat",
        "Rewari",
        "Sirsa",
        "Sonipat",
        "Yamunanagar"
      ]
    },
    {
      "name": "Himachal Pradesh",
      "cities": [
        "Bilaspur",
        "Chamba",
        "Dharamshala",
        "Hamirpur",
        "Kangra",
        "Kullu",
        "Mandi",
        "Manali",
        "Nahan",
        "Palampur",
        "Shimla",
        "Solan",
        "Sundernagar"
      ]
    },
    {
      "name": "Jharkhand",
      "cities": [
        "Adityapur",
        "Bokaro Steel City",
        "Chaibasa",
        "Chirkunda",
        "Daltonganj",
        "Deoghar",
        "Dhanbad",
        "Dumka",
        "Giridih",
        "Hazaribagh",
        "Jamshedpur",
        "Medininagar",
        "Ranchi",
        "Ramgarh",
        "Saraikela",
        "Sindri"
      ]
    },
    {
      "name": "Karnataka",
      "cities": [
        "Bagalkot",
        "Ballari",
        "Bangalore",
        "Belagavi",
        "Belgaum",
        "Bidar",
        "Chamarajanagar",
        "Chikkamagaluru",
        "Chikmagalur",
        "Chitradurga",
        "Davangere",
        "Dharwad",
        "Gadag",
        "Hassan",
        "Haveri",
        "Kalaburagi",
        "Gulbarga",
        "Kodagu",
        "Coorg",
        "Kolar",
        "Koppal",
        "Hubli",
        "Mandya",
        "Mangalore",
        "Mysuru",
        "Mysore",
        "Raichur",
        "Ramanagara",
        "Shivamogga",
        "Shimoga",
        "Tumakuru",
        "Tumkur",
        "Udupi",
        "Uttara Kannada",
        "Karwar",
        "Yadgir"
      ]
    },
    {
      "name": "Kerala",
      "cities": [
        "Alappuzha",
        "Angamaly",
        "Aroor",
        "Cherthala",
        "Ernakulam",
        "Fort Kochi",
        "Guruvayur",
        "Haripad",
        "Idukki",
        "Kanhangad",
        "Kannur",
        "Kasaragod",
        "Kochi",
        "Kollam",
        "Kottayam",
        "Kozhikode",
        "Malappuram",
        "Mavelikara",
        "Munnar",
        "Nellai",
        "Palakkad",
        "Palakkad Town",
        "Perinthalmanna",
        "Ponnani",
        "Ranni",
        "Shornur",
        "Sreekariyam",
        "Thalassery",
        "Thiruvananthapuram",
        "Thrissur",
        "Tirur",
        "Vadakara",
        "Varkala",
        "Wayanad"
      ]
    },
    {
      "name": "Madhya Pradesh",
      "cities": [
        "Agar",
        "Alirajpur",
        "Ashoknagar",
        "Balaghat",
        "Barwani",
        "Betul",
        "Bhind",
        "Bhopal",
        "Burhanpur",
        "Chhindwara",
        "Damoh",
        "Datia",
        "Dewas",
        "Dhar",
        "Dindori",
        "Guna",
        "Gwalior",
        "Harda",
        "Hoshangabad",
        "Indore",
        "Jabalpur",
        "Jhabua",
        "Katni",
        "Khandwa",
        "Khargone",
        "Mandsaur",
        "Morena",
        "Narsinghpur",
        "Neemuch",
        "Panna",
        "Raisen",
        "Rajgarh",
        "Ratlam",
        "Rewa",
        "Sagar",
        "Satna",
        "Sehore",
        "Seoni",
        "Shahdol",
        "Shajapur",
        "Sheopur",
        "Shivpuri",
        "Sidhi",
        "Singrauli",
        "Tikamgarh",
        "Ujjain",
        "Umaria",
        "Vidisha"
      ]
    },
    {
      "name": "Maharashtra",
      "cities": [
        "Ahmednagar",
        "Akola",
        "Amravati",
        "Aurangabad",
        "Badlapur",
        "Bhiwandi",
        "Chandrapur",
        "Dadra and Nagar Haveli",
        "Dhule",
        "Ghatkopar",
        "Jalgaon",
        "Jalna",
        "Kolhapur",
        "Latur",
        "Mumbai",
        "Nagpur",
        "Nanded",
        "Nashik",
        "Navi Mumbai",
        "Osmanabad",
        "Pune",
        "Ratnagiri",
        "Solapur",
        "Thane",
        "Ulhasnagar",
        "Wardha",
        "Washim",
        "Yavatmal"
      ]
    },
    {
      "name": "Manipur",
      "cities": [
        "Andro",
        "Bishnupur",
        "Chandel",
        "Churachandpur",
        "Imphal East",
        "Imphal West",
        "Kakching",
        "Kangpokpi",
        "Khurai",
        "Lilong",
        "Moreh",
        "Nambol",
        "Senapati",
        "Tamenglong",
        "Thoubal",
        "Ukhrul"
      ]
    },
    {
      "name": "Meghalaya",
      "cities": [
        "Ampati",
        "Baghmara",
        "Bajengdoba",
        "Cherrapunji",
        "Dawki",
        "Jowai",
        "Mairang",
        "Mawsynram",
        "Nongpoh",
        "Shillong",
        "Tura"
      ]
    },
    {
      "name": "Mizoram",
      "cities": [
        "Aizawl",
        "Bairabi",
        "Champhai",
        "Hnahthial",
        "Khawhai",
        "Khawzawl",
        "Kolasib",
        "Lawngtlai",
        "Lengpui",
        "Lunglei",
        "Mamit",
        "Sairang",
        "Saiha",
        "Serchhip",
        "Thenzawl",
        "Tlabung",
        "Vairengte",
        "Zawlnuam"
      ]
    },
    {
      "name": "Nagaland",
      "cities": [
        "Chumoukedima",
        "Dimapur",
        "Kiphire",
        "Kohima",
        "Longleng",
        "Mokokchung",
        "Mon",
        "Niuland",
        "Peren",
        "Phek",
        "Tuensang",
        "Wokha",
        "Zunheboto"
      ]
    },
    {
      "name": "Odisha",
      "cities": [
        "Balangir",
        "Balasore (Baleshwar)",
        "Baripada",
        "Barbil (Bada Barabil)",
        "Bhubaneswar",
        "Brahmapur (Berhampur)",
        "Bhawanipatna",
        "Bhadrak",
        "Cuttack",
        "Dhenkanal",
        "Ganjam",
        "Jaypur",
        "Jharsuguda",
        "Jajpur (Jajapur)",
        "Kendujhar (Kendujhargarh)",
        "Koraput",
        "Paradip",
        "Puri",
        "Rayagada",
        "Rourkela",
        "Sambalpur",
        "Sunabeda"
      ]
    },
    {
      "name": "Punjab",
      "cities": [
        "Amritsar",
        "Anandpur Sahib",
        "Batala",
        "Barnala",
        "Bathinda",
        "Faridkot",
        "Ferozepur",
        "Gurdaspur",
        "Hoshiarpur",
        "Jalandhar",
        "Kapurthala",
        "Khanna",
        "Ludhiana",
        "Malerkotla",
        "Moga",
        "Muktsar",
        "Patiala",
        "Pathankot",
        "Rupnagar",
        "Sangrur",
        "Sri Muktsar Sahib",
        "Zirakpur"
      ]
    },
    {
      "name": "Rajasthan",
      "cities": [
        "Ajmer",
        "Alwar",
        "Baran",
        "Barmer",
        "Bharatpur",
        "Bikaner",
        "Bundi",
        "Chittorgarh",
        "Churu",
        "Dausa",
        "Dholpur",
        "Hanumangarh",
        "Jaisalmer",
        "Jaipur",
        "Jalore",
        "Jhalawar",
        "Jhunjhunu",
        "Jodhpur",
        "Karauli",
        "Kota",
        "Merta",
        "Mount Abu",
        "Nathdwara",
        "Neemrana",
        "Pali",
        "Pratapgarh",
        "Pushkar",
        "Rajsamand",
        "Sikar",
        "Sirohi",
        "Sawai Madhopur",
        "Shekhawati",
        "Sri Ganganagar",
        "Tonk",
        "Udaipur"
      ]
    },
    {
      "name": "Sikkim",
      "cities": [
        "Gangtok",
        "Geyzing",
        "Jorethang",
        "Lachen",
        "Lachung",
        "Namchi",
        "Pelling",
        "Ravangla"
      ]
    },
    {
      "name": "Tamil Nadu",
      "cities": [
        "Ambattur",
        "Ambur",
        "Alandur",
        "Avadi",
        "Chengalpattu",
        "Chidambaram",
        "Chennai",
        "Coimbatore",
        "Cuddalore",
        "Devakottai",
        "Dindigul",
        "Erode",
        "Gobichettipalayam",
        "Hosur",
        "Karur",
        "Karaikkudi",
        "Kancheepuram",
        "Kumbakonam",
        "Madavaram",
        "Madurai",
        "Manapparai",
        "Mettupalayam",
        "Mettur",
        "Nagapattinam",
        "Nagercoil",
        "Neyveli",
        "Pallavaram",
        "Pudukkottai",
        "Rajapalayam",
        "Salem",
        "Sivakasi",
        "Tambaram",
        "Thanjavur",
        "Theni",
        "Thoothukkudi",
        "Tiruchirappalli",
        "Tirunelveli",
        "Tiruppur",
        "Tiruvannamalai",
        "Tiruvottiyur",
        "Vellore",
        "Vaniyambadi"
      ]
    },
    {
      "name": "Telangana",
      "cities": [
        "Adilabad",
        "Armoor",
        "Boduppal",
        "Dundigal",
        "Gadwal",
        "Hanamkonda",
        "Hyderabad",
        "Jagtial",
        "Karimnagar",
        "Khammam",
        "Mahbubnagar",
        "Meerpet–Jillelguda",
        "Miryalaguda",
        "Nalgonda",
        "Nizamabad",
        "Nizampet",
        "Ramagundam",
        "Siddipet",
        "Suryapet",
        "Warangal"
      ]
    },
    {
      "name": "Tripura",
      "cities": [
        "Agartala",
        "Amarpur",
        "Ambassa",
        "Belonia",
        "Bishalgarh",
        "Dharmanagar",
        "Kailashahar",
        "Khowai",
        "Melaghar",
        "Mohanpur",
        "Ranirbazar",
        "Santirbazar",
        "Teliamura",
        "Udaipur"
      ]
    },
    {
      "name": "Uttar Pradesh",
      "cities": [
        "Agra",
        "Aligarh",
        "Allahabad (Prayagraj)",
        "Amroha",
        "Azamgarh",
        "Bareilly",
        "Baraut",
        "Basti",
        "Banda",
        "Bulandshahr",
        "Chandausi",
        "Deoria",
        "Etah",
        "Fatehpur",
        "Firozabad",
        "Ghaziabad",
        "Gorakhpur",
        "Greater Noida",
        "Gonda",
        "Hapur",
        "Hardoi",
        "Jhansi",
        "Jaunpur",
        "Kasganj",
        "Khora",
        "Khurja",
        "Lakhimpur",
        "Lalitpur",
        "Lucknow",
        "Mau",
        "Mathura",
        "Meerut",
        "Mirzapur",
        "Moradabad",
        "Muzaffarnagar",
        "Noida",
        "Orai",
        "Pilbhit",
        "Rampur",
        "Rae Bareli",
        "Shahjahanpur",
        "Shikohabad",
        "Sambhal",
        "Sultanpur",
        "Sitapur",
        "Varanasi",
        "Unnao",
        "Vrindavan"
      ]
    },
    {
      "name": "Uttarakhand",
      "cities": [
        "Dehradun",
        "Haridwar",
        "Haldwani",
        "Kashipur",
        "Kotdwara",
        "Nainital",
        "Pantnagar",
        "Ramnagar",
        "Rishikesh",
        "Roorkee",
        "Rudrapur"
      ]
    },
    {
      "name": "West Bengal",
      "cities": [
        "Arambagh",
        "Asansol",
        "Bankura",
        "Bardhaman",
        "Barasat",
        "Baranagar",
        "Barrackpore",
        "Bhatpara",
        "Bidhan Nagar",
        "Bongaon",
        "Chandannagar",
        "Dabgram",
        "Darjeeling",
        "Durgapur",
        "English Bazar",
        "Habra",
        "Haldia",
        "Howrah",
        "Jalpaiguri",
        "Kamarhati",
        "Kanchrapara",
        "Kalimpong",
        "Kharagpur",
        "Kolkata",
        "Maheshtala",
        "Madhyamgram",
        "Naihati",
        "Nabadwip",
        "North Dum Dum",
        "Panihati",
        "Puruliya",
        "Rajarhat Gopalpur",
        "Rajpur Sonarpur",
        "Raniganj",
        "Rishra",
        "Salt Lake",
        "Siliguri",
        "South Dum Dum",
        "Suri"
      ]
    },
    {
      "name": "Chandigarh",
      "cities": [
        "Behlana",
        "Chandigarh",
        "Daria",
        "Khuda Alisher",
        "Mani Majra",
        "Mauli Jagran"
      ]
    },
    {
      "name": "Dadra and Nagar Haveli and Daman and Diu",
      "cities": ["Dadra","Silvassa", "Daman", "Diu"]
    },
    {
      "name": "Lakshadweep",
      "cities": [
        "Agatti",
        "Amini",
        "Andrott",
        "Bangaram",
        "Bitra",
        "Chetlat",
        "Kadmat",
        "Kalpeni",
        "Kavaratti",
        "Kiltan",
        "Minicoy"
      ]
    },
    {
      "name": "Delhi",
      "cities": ["New Delhi", "Delhi"]
    },
    {
      "name": "Puducherry",
      "cities": [
        "Ariankuppam",
        "Karaikal",
        "Kurumbapet",
        "Mahe",
        "Manavely",
        "Ozhukarai",
        "Puducherry",
        "Thirumalairayanpattinam",
        "Villianur",
        "Yanam"
      ]
    },
    {
      "name": "Ladakh",
      "cities": [
        "Leh",
        "Kargil",
        "Chuglamsar",
        "Drass",
        "Padum",
        "Spituk",
        "Zanskar"
      ]
    },
    {
      "name": "Jammu and Kashmir",
      "cities": [
        "Akhnoor",
        "Anantnag",
        "Bandipora",
        "Baramulla",
        "Bijbehara",
        "Doda",
        "Ganderbal",
        "Gulmarg",
        "Jammu",
        "Kathua",
        "Kishtwar",
        "Kupwara",
        "Poonch",
        "Rajouri",
        "Srinagar",
        "Udhampur"
      ]
    }
  ]
}
